<?xml version="1.0" encoding="UTF-8"?>
<addon
    id="skin.arctic.zephyr.easymodo"
    version="0.0.1"
    name="Arctic: Zephyr EasyMODo"
    provider-name="jurialmunkey - Mod by Chimkentec">
    <requires>
        <import addon="xbmc.gui" version="5.9.0"/>
        <import addon="script.skinshortcuts" version="0.4.0"/>
        <import addon="service.library.data.provider" version="0.1.0"/>
        <import addon="script.extendedinfo" version="3.0.0"/>
        <import addon="script.globalsearch" version="5.0.0"/>
        <import addon="script.globalsearch" version="5.0.0"/>
    </requires>
    <extension
    point="xbmc.gui.skin"
    defaultthemename="Textures.xbt"
    debugging="false"
    effectslowdown="1">
        <res width="1920" height="1080" aspect="16:9" default="true" folder="1080i" />
    </extension>
    <extension point="xbmc.addon.metadata">
        <summary lang="de">Klar, minimalistisch, elegant, einfach, leicht</summary>
        <summary lang="en">Clean, minimal, elegant, simple, light.</summary>
        <summary lang="en_AU">Clean, minimal, elegant, simple, light.</summary>
        <summary lang="en_US">Clean, minimal, elegant, simple, light.</summary>
        <summary lang="es">Limpio, minimalista, elegante, simple, ligero.</summary>
        <summary lang="fr">Clair, minimaliste, élégant, simple et léger.</summary>
        <summary lang="fr_CA">Net, minimal, élégant, simple, léger.</summary>
        <summary lang="lt">Švari, minimali, elegantiška, paprasta, lengva.</summary>
        <summary lang="nl">Schoon, minimaal, elegant, simpel, licht.</summary>
        <summary lang="no">Rent, minimalt, elegant, enkelt, lett.</summary>
        <summary lang="pl">Prosta, minimalista, elegancka i lekka</summary>
        <summary lang="pt_BR">Limpa, simplista, elegante, leve.</summary>
        <summary lang="ro">Curat, minimalist, elegant, simplu, ușor</summary>
        <summary lang="ru">Опрятный, минималистичный, элегантный, простой, светлый.</summary>
        <description lang="de">Arctic: Zephyr ist die dritte Iteration des Arctic Skins von jurialmunkey und ein minimalistisches, klares und simples Interface für deine Medien mit dem gewissen Etwas.</description>
        <description lang="en">Arctic: Zephyr is the third iteration of the Arctic skin created by jurialmunkey. Arctic focuses on being simple, clean and minimalistic with a light spin.</description>
        <description lang="en_AU">Arctic: Zephyr is the third iteration of the Arctic skin created by jurialmunkey. Arctic focuses on being simple, clean and minimalistic with a light spin.</description>
        <description lang="en_US">Arctic: Zephyr is the third iteration of the Arctic skin created by jurialmunkey. Arctic focuses on being simple, clean and minimalistic with a light spin.</description>
        <description lang="es">Arctic: Zephyr es la tercera versión de Arctic skin creada por jurialmunkey. La skin Arctic se centra en ser simple, limplia y minimalista con un toque de luminosidad.</description>
        <description lang="fr">Arctic: Zephyr est la 3ème version du skin Arctic créé par jurialmunkey. Arctic se focalise sur le fait d'être simple, claire et minimaliste.</description>
        <description lang="fr_CA">Arctique : Zéphyr est la troisième version de l'habillage Arctique créé par jurialmunkey. Arctique se veut être simple, net et minimaliste tout en étant léger. </description>
        <description lang="lt">Arctic: Zephyr yra trečia Arctic teminės išvaizdos, kurios autorius yra jurialmunkey, iteracija. Arctic sutelkia dėmesį ties paprastumu, švarumu ir minimalizmu su lengvu veikimu.</description>
        <description lang="nl">Arctic: Zephyr is de derde herhaling van de arctic skin ge creëerd door jurialmunkey. Arctic focust zich op een eenvoudig zeinde, schoon en minimaal met een lichte twist.</description>
        <description lang="no">Arctic: Zephyr er den tredje iterasjonen av Arctic skallet som ble laget av jurialmunkey. Arctic fokuserer på å være enkel, rent og minimalistisk med et snev av letthet.</description>
        <description lang="pl">Arctic: Zephyr jest trzecią wersją oryginalnej skóry Arctic stworzonej przez jurialmunkey. Arctic skupia się na prostocie i minimalizmie z lekką dozą szaleństwa.</description>
        <description lang="pt_BR">Arctic: Zephyr é a terceira iteração da interface Arctic criada por jurialmunkey. Arctic foi criada para ser simples, limpa e minimalistica.</description>
        <description lang="ru">Arctic: Zephyr это третий виток обложки Arctic, созданной jurialmunkey. Arctic старается быть простой, опрятной и минималистичной.</description>
        <platform>all</platform>
    </extension>
</addon>
